<?xml version="1.0" encoding="UTF-8"?>
<content xmlns:jnt="http://www.jahia.org/jahia/nt/1.0" xmlns:jmix="http://www.jahia.org/jahia/mix/1.0" xmlns:sv="http://www.jcp.org/jcr/sv/1.0" xmlns:nt="http://www.jcp.org/jcr/nt/1.0" xmlns:jcr="http://www.jcp.org/jcr/1.0" xmlns:j="http://www.jahia.org/jahia/1.0" xmlns:commix="http://www.jahia.com/jahia/mix/1.0" xmlns:mix="http://www.jcp.org/jcr/mix/1.0" xmlns:rep="internal">
  <templateSets jcr:primaryType="jnt:templateSets">
    <tea-template changefreq="monthly" j:dependencies="default grid tabularList" j:installedModules="tea-template" j:originWS="default" j:siteType="templatesSet" j:title="tea-template" j:wcagCompliance="true" jcr:mixinTypes="jmix:sitemap" jcr:primaryType="jnt:virtualsite" priority="0.5">
      <portlets j:originWS="default" jcr:primaryType="jnt:portletFolder" />
      <files j:originWS="default" jcr:primaryType="jnt:folder" />
      <contents j:originWS="default" jcr:primaryType="jnt:contentFolder" />
      <templates j:originWS="default" jcr:primaryType="jnt:templatesFolder">
        <base j:originWS="default" j:theme="_x002f_templateSets_x002f_tea-template_x002f_templates_x002f_files_x002f_themes_x002f_tea-theme3" j:view="tea-template" jcr:mixinTypes="jmix:theme" jcr:primaryType="jnt:template">
          <home j:originWS="default" jcr:primaryType="jnt:pageTemplate">
            <custom-column-area j:originWS="default" jcr:primaryType="jnt:contentList">
              <column-area j:allowedTypes="" j:originWS="default" jcr:primaryType="jnt:area" />
            </custom-column-area>
            <custom-main-content-area j:originWS="default" jcr:primaryType="jnt:contentList">
              <main-content-area j:allowedTypes="" j:originWS="default" jcr:primaryType="jnt:area" />
            </custom-main-content-area>
            <column-area j:originWS="default" jcr:primaryType="jnt:contentList">
              <column-banner-area-hp j:allowedTypes="" j:originWS="default" jcr:primaryType="jnt:area" />
            </column-area>
            <main-content-area j:originWS="default" jcr:primaryType="jnt:contentList">
              <area-main-content-hp j:allowedTypes="" j:originWS="default" jcr:primaryType="jnt:area" />
            </main-content-area>
          </home>
          <simple j:originWS="default" jcr:primaryType="jnt:pageTemplate" />
          <home-child-page j:hiddenTemplate="false" j:originWS="default" jcr:primaryType="jnt:pageTemplate">
            <custom-column-area j:originWS="default" jcr:primaryType="jnt:contentList">
              <navigation-menu j:baselineNode="currentPage" j:layoutID="left-column" j:maxDepth="1" j:menuItemView="menuElement" j:originWS="default" j:startLevel="0" j:styleName="verticalMenu" jcr:primaryType="jnt:navMenu" />
            </custom-column-area>
            <custom-main-content-area j:originWS="default" jcr:primaryType="jnt:contentList">
              <main-content-area j:allowedTypes="" j:mockupStyle="content-area-nohp" j:originWS="default" jcr:primaryType="jnt:area" />
            </custom-main-content-area>
            <column-area j:originWS="default" jcr:primaryType="jnt:contentList">
              <navigation-menu j:baselineNode="currentPage" j:maxDepth="1" j:menuItemView="menuElement" j:originWS="default" j:startLevel="0" j:styleName="verticalMenu" jcr:primaryType="jnt:navMenu" />
              <column-area-other-page j:allowedTypes="" j:originWS="default" jcr:primaryType="jnt:area" />
            </column-area>
            <main-content-area j:originWS="default" jcr:primaryType="jnt:contentList">
              <area-main-content-other-page j:allowedTypes="" j:originWS="default" jcr:primaryType="jnt:area" />
            </main-content-area>
          </home-child-page>
          <end-page j:hiddenTemplate="false" j:originWS="default" jcr:primaryType="jnt:pageTemplate">
            <column-area j:originWS="default" jcr:primaryType="jnt:contentList">
              <column-area j:allowedTypes="" j:originWS="default" jcr:primaryType="jnt:area" />
            </column-area>
            <main-content-area j:originWS="default" jcr:primaryType="jnt:contentList">
              <main-content-area j:allowedTypes="" j:originWS="default" jcr:primaryType="jnt:area" />
            </main-content-area>
          </end-page>
          <newsTemplate j:hiddenTemplate="false" j:originWS="default" jcr:primaryType="jnt:pageTemplate" />
          <pagecontent j:originWS="default" jcr:primaryType="jnt:contentList">
            <header-rows colNames="logo,banner" customColumn="4,12" divID="header" j:originWS="default" jcr:primaryType="jnt:customRow" />
            <first-level-menu-rows colNames="empty,menu" customColumn="4,12" divID="navigationMenuArea" j:originWS="default" jcr:primaryType="jnt:customRow" />
            <content-rows colNames="column,maincontent" customColumn="4,12" divID="content-row" j:originWS="default" jcr:primaryType="jnt:customRow" />
            <footer-area j:allowedTypes="" j:originWS="default" jcr:primaryType="jnt:absoluteArea" />
          </pagecontent>
          <predefined--rows-960gs-col2 j:deletionDate="2012-09-07T11:31:11.408+02:00" j:deletionUser="root" j:originWS="default" jcr:mixinTypes="jmix:markedForDeletion jmix:markedForDeletionRoot" jcr:primaryType="jnt:contentList" />
          <predefined--rows-960gs-col1 j:originWS="default" jcr:primaryType="jnt:contentList" />
          <predefined--rows-960gs-1-col2 j:originWS="default" jcr:primaryType="jnt:contentList" />
          <predefined--rows-960gs-1-col1 j:originWS="default" jcr:primaryType="jnt:contentList" />
          <header-row-col2 j:originWS="default" jcr:primaryType="jnt:contentList" />
          <header-row-col1 j:originWS="default" jcr:primaryType="jnt:contentList" />
          <logo j:originWS="default" jcr:primaryType="jnt:contentList">
            <abs-area-logo j:allowedTypes="jnt:imageReference" j:numberOfItems="1" j:originWS="default" jcr:primaryType="jnt:absoluteArea" />
          </logo>
          <banner j:originWS="default" jcr:primaryType="jnt:contentList">
            <abs-area-testata j:allowedTypes="jnt:imageReference" j:numberOfItems="1" j:originWS="default" jcr:primaryType="jnt:absoluteArea" />
            <welcomeArea j:allowedTypes="" j:originWS="default" jcr:primaryType="jnt:absoluteArea" />
          </banner>
          <column j:originWS="default" jcr:primaryType="jnt:contentList">
            <column-area j:allowedTypes="" j:originWS="default" jcr:primaryType="jnt:area" />
          </column>
          <maincontent j:originWS="default" jcr:primaryType="jnt:contentList">
            <main-content-area j:allowedTypes="" j:originWS="default" jcr:primaryType="jnt:area" />
          </maincontent>
          <menu j:originWS="default" jcr:primaryType="jnt:contentList">
            <navigation-menu j:baselineNode="home" j:maxDepth="1" j:menuItemView="menuElement" j:originWS="default" j:startLevel="0" j:styleName="firstLevelMenu" jcr:primaryType="jnt:navMenu" />
          </menu>
        </base>
        <content-template j:applyOn="jnt:content" j:hiddenTemplate="true" j:originWS="default" j:priority="1" j:view="tea-template" jcr:primaryType="jnt:contentTemplate">
          <pagecontent j:originWS="default" jcr:primaryType="jnt:contentList">
            <main-resource-display j:mainResourceView="default" j:originWS="default" jcr:primaryType="jnt:mainResourceDisplay" />
          </pagecontent>
        </content-template>
        <baseModuloRid j:hiddenTemplate="false" j:originWS="default" jcr:primaryType="jnt:template">
          <moduloRid j:hiddenTemplate="false" j:originWS="default" jcr:primaryType="jnt:pageTemplate">
            <pagecontent j:originWS="default" jcr:primaryType="jnt:contentList">
              <moduloRidArea j:allowedTypes="" j:originWS="default" jcr:primaryType="jnt:area" />
            </pagecontent>
          </moduloRid>
        </baseModuloRid>
        <files j:originWS="default" jcr:primaryType="jnt:folder">
          <themes j:originWS="default" jcr:primaryType="jnt:folder">
            <default j:originWS="default" jcr:primaryType="jnt:folder" />
            <tea-theme1 j:originWS="default" jcr:primaryType="jnt:folder">
              <tea-style.css j:originWS="default" jcr:primaryType="jnt:file">
                <jcr:content jcr:mimeType="text/css" jcr:primaryType="jnt:resource" />
              </tea-style.css>
            </tea-theme1>
            <tea-theme2 j:originWS="default" jcr:primaryType="jnt:folder">
              <tea-style.css j:originWS="default" jcr:primaryType="jnt:file">
                <jcr:content jcr:mimeType="text/css" jcr:primaryType="jnt:resource" />
              </tea-style.css>
              <images j:originWS="default" jcr:primaryType="jnt:folder">
                <bgmenuarancio.jpg j:height="40" j:originWS="default" j:width="8" jcr:mixinTypes="jmix:image" jcr:primaryType="jnt:file">
                  <jcr:content jcr:mimeType="image/jpeg" jcr:primaryType="jnt:resource" />
                  <thumbnail jcr:mimeType="image/jpeg" jcr:primaryType="jnt:resource" />
                  <thumbnail2 jcr:mimeType="image/jpeg" jcr:primaryType="jnt:resource" />
                </bgmenuarancio.jpg>
                <bgcolonna.jpg j:height="14" j:originWS="default" j:width="205" jcr:mixinTypes="jmix:image" jcr:primaryType="jnt:file">
                  <jcr:content jcr:mimeType="image/jpeg" jcr:primaryType="jnt:resource" />
                  <thumbnail jcr:mimeType="image/jpeg" jcr:primaryType="jnt:resource" />
                  <thumbnail2 jcr:mimeType="image/jpeg" jcr:primaryType="jnt:resource" />
                </bgcolonna.jpg>
              </images>
            </tea-theme2>
            <tea-theme3 j:originWS="default" jcr:primaryType="jnt:folder">
              <images j:originWS="default" jcr:primaryType="jnt:folder">
                <bgmenuarancio.jpg j:height="40" j:originWS="default" j:width="8" jcr:mixinTypes="jmix:image" jcr:primaryType="jnt:file">
                  <jcr:content jcr:mimeType="image/jpeg" jcr:primaryType="jnt:resource" />
                  <thumbnail jcr:mimeType="image/jpeg" jcr:primaryType="jnt:resource" />
                  <thumbnail2 jcr:mimeType="image/jpeg" jcr:primaryType="jnt:resource" />
                </bgmenuarancio.jpg>
                <bgcolonna.jpg j:height="14" j:originWS="default" j:width="205" jcr:mixinTypes="jmix:image" jcr:primaryType="jnt:file">
                  <jcr:content jcr:mimeType="image/jpeg" jcr:primaryType="jnt:resource" />
                  <thumbnail jcr:mimeType="image/jpeg" jcr:primaryType="jnt:resource" />
                  <thumbnail2 jcr:mimeType="image/jpeg" jcr:primaryType="jnt:resource" />
                </bgcolonna.jpg>
              </images>
              <tea-style.css j:originWS="default" jcr:primaryType="jnt:file">
                <jcr:content jcr:mimeType="text/css" jcr:primaryType="jnt:resource" />
              </tea-style.css>
            </tea-theme3>
          </themes>
        </files>
        <contents j:originWS="default" jcr:primaryType="jnt:contentFolder" />
      </templates>
      <j:versionInfo j:deployementDate="2012-09-06T15:04:54.345+02:00" j:version="1.0-SNAPSHOT" jcr:primaryType="jnt:versionInfo" />
      <home changefreq="monthly" j:isHomePage="true" j:originWS="default" j:templateNode="_x002f_templateSets_x002f_tea-template_x002f_templates_x002f_base_x002f_home" jcr:mixinTypes="jmix:sitemap" jcr:primaryType="jnt:page" priority="0.5">
        <abs-column-area j:originWS="default" jcr:primaryType="jnt:contentList">
          <abs-logo-area-hp j:allowedTypes="jnt:imageReference" j:originWS="default" jcr:primaryType="jnt:absoluteArea" />
        </abs-column-area>
        <abs-main-content-area j:originWS="default" jcr:primaryType="jnt:contentList">
          <abs-header-banner-hp j:allowedTypes="jnt:imageReference" j:originWS="default" jcr:primaryType="jnt:absoluteArea" />
        </abs-main-content-area>
        <footer-area j:originWS="default" jcr:primaryType="jnt:contentList" />
        <abs-area-logo j:originWS="default" jcr:primaryType="jnt:contentList" />
        <abs-area-testata j:originWS="default" jcr:primaryType="jnt:contentList" />
      </home>
      <components j:originWS="default" jcr:primaryType="jnt:componentFolder" />
    </tea-template>
  </templateSets>
</content>

