<?xml version="1.0" encoding="UTF-8"?>
<content xmlns:jcr="http://www.jcp.org/jcr/1.0" xmlns:nt="http://www.jcp.org/jcr/nt/1.0" xmlns:jnt="http://www.jahia.org/jahia/nt/1.0" xmlns:sv="http://www.jcp.org/jcr/sv/1.0" xmlns:commix="http://www.jahia.com/jahia/mix/1.0" xmlns:jmix="http://www.jahia.org/jahia/mix/1.0" xmlns:j="http://www.jahia.org/jahia/1.0" xmlns:mix="http://www.jcp.org/jcr/mix/1.0" xmlns:rep="internal">
  <templateSets jcr:primaryType="jnt:templateSets">
    <tea-template-final changefreq="monthly" j:dependencies="default grid welcomeModule news faq publication AlpeniteTeaFAQ AlpeniteTeaModulistica AlpeniteTeaModulisticaPersonal" j:installedModules="tea-template-final" j:originWS="default" j:siteType="templatesSet" j:title="tea-template-final" j:wcagCompliance="true" jcr:mixinTypes="jmix:sitemap" jcr:primaryType="jnt:virtualsite" priority="0.5">
      <portlets j:originWS="default" jcr:primaryType="jnt:portletFolder" />
      <files j:originWS="default" jcr:primaryType="jnt:folder" />
      <contents j:originWS="default" jcr:primaryType="jnt:contentFolder" />
      <templates j:originWS="default" jcr:primaryType="jnt:templatesFolder">
        <base j:originWS="default" j:theme="_x002f_templateSets_x002f_tea-template-final_x002f_templates_x002f_files_x002f_themes_x002f_default" j:view="tea-template-final" jcr:mixinTypes="jmix:theme" jcr:primaryType="jnt:template">
          <simple j:originWS="default" jcr:primaryType="jnt:pageTemplate">
            <area-content-row j:originWS="default" jcr:primaryType="jnt:contentList">
              <area-content j:allowedTypes="" j:originWS="default" jcr:primaryType="jnt:area" />
            </area-content-row>
            <site j:originWS="default" jcr:primaryType="jnt:contentList" />
            <long j:originWS="default" jcr:primaryType="jnt:contentList" />
            <lag j:originWS="default" jcr:primaryType="jnt:contentList" />
            <column-logo j:originWS="default" jcr:primaryType="jnt:contentList" />
            <column-menu j:originWS="default" jcr:primaryType="jnt:contentList" />
          </simple>
          <home j:originWS="default" jcr:primaryType="jnt:pageTemplate">
            <area-content-row j:originWS="default" jcr:primaryType="jnt:contentList">
              <custom-rows-960gs colNames="column-content" customColumn="16" j:originWS="default" jcr:primaryType="jnt:customRow" />
              <area-login j:allowedTypes="" j:originWS="default" jcr:primaryType="jnt:area" />
              <custom-rows-960gs-1 colNames="box,box-right" customColumn="8,8" j:originWS="default" jcr:primaryType="jnt:customRow" />
              <anycontent-more j:allowedTypes="" j:originWS="default" jcr:primaryType="jnt:area" />
            </area-content-row>
            <area-site j:originWS="default" jcr:primaryType="jnt:contentList">
              <area-site j:allowedTypes="" j:originWS="default" jcr:primaryType="jnt:area" />
            </area-site>
            <area-log j:originWS="default" jcr:primaryType="jnt:contentList">
              <area-log-amm-helpdesk j:allowedTypes="" j:originWS="default" jcr:primaryType="jnt:area" />
            </area-log>
            <area-lang j:originWS="default" jcr:primaryType="jnt:contentList">
              <area-long j:allowedTypes="" j:originWS="default" jcr:primaryType="jnt:area" />
            </area-lang>
            <area-logo j:originWS="default" jcr:primaryType="jnt:contentList">
              <area-logo j:allowedTypes="" j:originWS="default" jcr:primaryType="jnt:area" />
            </area-logo>
            <area-menu j:originWS="default" jcr:primaryType="jnt:contentList">
              <area-menu j:allowedTypes="" j:originWS="default" jcr:primaryType="jnt:area" />
            </area-menu>
            <box j:originWS="default" jcr:primaryType="jnt:contentList">
              <area-box j:allowedTypes="" j:originWS="default" jcr:primaryType="jnt:area" />
            </box>
            <box-right j:originWS="default" jcr:primaryType="jnt:contentList">
              <area-box-right j:allowedTypes="" j:originWS="default" jcr:primaryType="jnt:area" />
            </box-right>
            <site j:originWS="default" jcr:primaryType="jnt:contentList">
              <absolute-area-site j:allowedTypes="" j:originWS="default" jcr:primaryType="jnt:absoluteArea" />
            </site>
            <long j:originWS="default" jcr:primaryType="jnt:contentList">
              <absolute-area-log j:allowedTypes="" j:originWS="default" jcr:primaryType="jnt:absoluteArea" />
            </long>
            <lag j:originWS="default" jcr:primaryType="jnt:contentList">
              <absolute-area-lang j:allowedTypes="" j:originWS="default" jcr:primaryType="jnt:absoluteArea" />
            </lag>
            <column-logo j:originWS="default" jcr:primaryType="jnt:contentList">
              <absolute-area-logo j:allowedTypes="" j:originWS="default" jcr:primaryType="jnt:absoluteArea" />
            </column-logo>
            <column-menu j:originWS="default" jcr:primaryType="jnt:contentList">
              <area-menu j:allowedTypes="" j:originWS="default" jcr:primaryType="jnt:absoluteArea" />
            </column-menu>
            <column-content j:originWS="default" jcr:primaryType="jnt:contentList">
              <area-slider-hp j:allowedTypes="jnt:banner" j:areaView="easySlider-content" j:originWS="default" jcr:primaryType="jnt:area" />
              <area-news-hp j:allowedTypes="" j:areaView="newsHpTeaser" j:originWS="default" jcr:primaryType="jnt:area" />
            </column-content>
          </home>
          <contentPage j:hiddenTemplate="false" j:originWS="default" jcr:primaryType="jnt:pageTemplate">
            <area-content-row j:originWS="default" jcr:primaryType="jnt:contentList">
              <custom-rows-960gs colNames="title-page" customColumn="5,11" divID="section_name" j:originWS="default" jcr:primaryType="jnt:customRow" />
              <custom-rows-960gs-1 colNames="body-columns" customColumn="5,11" j:originWS="default" jcr:primaryType="jnt:customRow" />
            </area-content-row>
            <custom-rows-960gs-col1 j:originWS="default" jcr:primaryType="jnt:contentList">
              <empty j:allowedTypes="" j:originWS="default" jcr:primaryType="jnt:area" />
            </custom-rows-960gs-col1>
            <custom-rows-960gs-col2 j:originWS="default" jcr:primaryType="jnt:contentList">
              <pageTitle j:allowedTypes="jnt:bigText" j:originWS="default" jcr:primaryType="jnt:area" />
            </custom-rows-960gs-col2>
            <custom-rows-960gs-1-col1 j:originWS="default" jcr:primaryType="jnt:contentList">
              <navigation-menu j:baselineNode="currentPage" j:layoutID="secondLevelMenu" j:maxDepth="1" j:menuItemView="menuElement" j:originWS="default" j:startLevel="0" j:styleName="sidebar" jcr:primaryType="jnt:navMenu" />
            </custom-rows-960gs-1-col1>
            <custom-rows-960gs-1-col2 j:originWS="default" jcr:primaryType="jnt:contentList">
              <content-area j:allowedTypes="" j:originWS="default" jcr:primaryType="jnt:area" />
            </custom-rows-960gs-1-col2>
            <area-log j:originWS="default" jcr:primaryType="jnt:contentList" />
          </contentPage>
          <page-bg3 j:originWS="default" jcr:primaryType="jnt:pageTemplate">
            <area-content-row j:originWS="default" jcr:primaryType="jnt:contentList">
              <custom-rows-960gs colNames="navbar,main" customColumn="5 colsx,11 main" divClass="bg3" divID="content" j:originWS="default" jcr:primaryType="jnt:customRow" />
            </area-content-row>
            <area-site j:originWS="default" jcr:primaryType="jnt:contentList">
              <area-site j:allowedTypes="" j:originWS="default" jcr:primaryType="jnt:area" />
            </area-site>
            <area-log j:originWS="default" jcr:primaryType="jnt:contentList">
              <area-log j:allowedTypes="" j:originWS="default" jcr:primaryType="jnt:area" />
            </area-log>
            <area-lang j:originWS="default" jcr:primaryType="jnt:contentList">
              <area-long j:allowedTypes="" j:originWS="default" jcr:primaryType="jnt:area" />
            </area-lang>
            <area-logo j:originWS="default" jcr:primaryType="jnt:contentList">
              <area-logo j:allowedTypes="" j:originWS="default" jcr:primaryType="jnt:area" />
            </area-logo>
            <area-menu j:originWS="default" jcr:primaryType="jnt:contentList">
              <area-menu j:allowedTypes="" j:originWS="default" jcr:primaryType="jnt:area" />
            </area-menu>
            <column-content j:originWS="default" jcr:primaryType="jnt:contentList" />
            <box j:originWS="default" jcr:primaryType="jnt:contentList">
              <area-box j:allowedTypes="" j:originWS="default" jcr:primaryType="jnt:area" />
            </box>
            <box-right j:originWS="default" jcr:primaryType="jnt:contentList">
              <area-box-right j:allowedTypes="" j:originWS="default" jcr:primaryType="jnt:area" />
            </box-right>
            <navbar j:originWS="default" jcr:primaryType="jnt:contentList">
              <navigation-menu-left j:baselineNode="currentPage" j:maxDepth="1" j:menuItemView="menuElement" j:originWS="default" j:startLevel="0" jcr:primaryType="jnt:navMenu" />
            </navbar>
            <main j:originWS="default" jcr:primaryType="jnt:contentList">
              <area-main j:allowedTypes="" j:originWS="default" jcr:primaryType="jnt:area" />
            </main>
            <site j:originWS="default" jcr:primaryType="jnt:contentList" />
            <long j:originWS="default" jcr:primaryType="jnt:contentList" />
            <lag j:originWS="default" jcr:primaryType="jnt:contentList" />
            <column-logo j:originWS="default" jcr:primaryType="jnt:contentList" />
            <column-menu j:originWS="default" jcr:primaryType="jnt:contentList" />
          </page-bg3>
          <page-bg1 j:originWS="default" jcr:primaryType="jnt:pageTemplate">
            <area-content-row j:originWS="default" jcr:primaryType="jnt:contentList">
              <custom-rows-960gs colNames="navbar,main" customColumn="5 colsx,11 main" divClass="bg1" divID="content" j:originWS="default" jcr:primaryType="jnt:customRow" />
            </area-content-row>
            <area-site j:originWS="default" jcr:primaryType="jnt:contentList">
              <area-site j:allowedTypes="" j:originWS="default" jcr:primaryType="jnt:area" />
            </area-site>
            <area-log j:originWS="default" jcr:primaryType="jnt:contentList">
              <area-log j:allowedTypes="" j:originWS="default" jcr:primaryType="jnt:area" />
            </area-log>
            <area-lang j:originWS="default" jcr:primaryType="jnt:contentList">
              <area-long j:allowedTypes="" j:originWS="default" jcr:primaryType="jnt:area" />
            </area-lang>
            <area-logo j:originWS="default" jcr:primaryType="jnt:contentList">
              <area-logo j:allowedTypes="" j:originWS="default" jcr:primaryType="jnt:area" />
            </area-logo>
            <area-menu j:originWS="default" jcr:primaryType="jnt:contentList">
              <area-menu j:allowedTypes="" j:originWS="default" jcr:primaryType="jnt:area" />
            </area-menu>
            <column-content j:originWS="default" jcr:primaryType="jnt:contentList" />
            <box j:originWS="default" jcr:primaryType="jnt:contentList">
              <area-box j:allowedTypes="" j:originWS="default" jcr:primaryType="jnt:area" />
            </box>
            <box-right j:originWS="default" jcr:primaryType="jnt:contentList">
              <area-box-right j:allowedTypes="" j:originWS="default" jcr:primaryType="jnt:area" />
            </box-right>
            <navbar j:originWS="default" jcr:primaryType="jnt:contentList">
              <navigation-menu-left j:baselineNode="currentPage" j:maxDepth="1" j:menuItemView="menuElement" j:originWS="default" j:startLevel="0" jcr:primaryType="jnt:navMenu" />
              <area-contattaci j:allowedTypes="" j:originWS="default" jcr:primaryType="jnt:area" />
            </navbar>
            <main j:originWS="default" jcr:primaryType="jnt:contentList">
              <area-main j:allowedTypes="" j:originWS="default" jcr:primaryType="jnt:area" />
              <area-box-associate j:allowedTypes="" j:areaView="boxAssociate" j:originWS="default" jcr:primaryType="jnt:area" />
              <area-main-2 j:allowedTypes="" j:originWS="default" jcr:primaryType="jnt:area" />
              <area-faq-chisiamo j:allowedTypes="" j:areaView="faqToggleChiSiamo" j:originWS="default" jcr:primaryType="jnt:area" />
            </main>
            <site j:originWS="default" jcr:primaryType="jnt:contentList" />
            <long j:originWS="default" jcr:primaryType="jnt:contentList" />
            <lag j:originWS="default" jcr:primaryType="jnt:contentList" />
            <column-logo j:originWS="default" jcr:primaryType="jnt:contentList" />
            <column-menu j:originWS="default" jcr:primaryType="jnt:contentList" />
          </page-bg1>
          <page-bg2 j:originWS="default" jcr:primaryType="jnt:pageTemplate">
            <area-content-row j:originWS="default" jcr:primaryType="jnt:contentList">
              <custom-rows-960gs colNames="navbar,main" customColumn="5 colsx,11 main" divClass="bg2" divID="content" j:originWS="default" jcr:primaryType="jnt:customRow" />
            </area-content-row>
            <area-site j:originWS="default" jcr:primaryType="jnt:contentList">
              <area-site j:allowedTypes="" j:originWS="default" jcr:primaryType="jnt:area" />
            </area-site>
            <area-log j:originWS="default" jcr:primaryType="jnt:contentList">
              <area-log j:allowedTypes="" j:originWS="default" jcr:primaryType="jnt:area" />
            </area-log>
            <area-lang j:originWS="default" jcr:primaryType="jnt:contentList">
              <area-long j:allowedTypes="" j:originWS="default" jcr:primaryType="jnt:area" />
            </area-lang>
            <area-logo j:originWS="default" jcr:primaryType="jnt:contentList">
              <area-logo j:allowedTypes="" j:originWS="default" jcr:primaryType="jnt:area" />
            </area-logo>
            <area-menu j:originWS="default" jcr:primaryType="jnt:contentList">
              <area-menu j:allowedTypes="" j:originWS="default" jcr:primaryType="jnt:area" />
            </area-menu>
            <column-content j:originWS="default" jcr:primaryType="jnt:contentList" />
            <box j:originWS="default" jcr:primaryType="jnt:contentList">
              <area-box j:allowedTypes="" j:originWS="default" jcr:primaryType="jnt:area" />
            </box>
            <box-right j:originWS="default" jcr:primaryType="jnt:contentList">
              <area-box-right j:allowedTypes="" j:originWS="default" jcr:primaryType="jnt:area" />
            </box-right>
            <navbar j:originWS="default" jcr:primaryType="jnt:contentList">
              <navigation-menu-left j:baselineNode="currentPage" j:maxDepth="1" j:menuItemView="menuElement" j:originWS="default" j:startLevel="0" jcr:primaryType="jnt:navMenu" />
            </navbar>
            <main j:originWS="default" jcr:primaryType="jnt:contentList">
              <area-main j:allowedTypes="" j:originWS="default" jcr:primaryType="jnt:area" />
            </main>
            <site j:originWS="default" jcr:primaryType="jnt:contentList" />
            <long j:originWS="default" jcr:primaryType="jnt:contentList" />
            <lag j:originWS="default" jcr:primaryType="jnt:contentList" />
            <column-logo j:originWS="default" jcr:primaryType="jnt:contentList" />
            <column-menu j:originWS="default" jcr:primaryType="jnt:contentList" />
          </page-bg2>
          <page-bg4 j:originWS="default" jcr:primaryType="jnt:pageTemplate">
            <area-content-row j:originWS="default" jcr:primaryType="jnt:contentList">
              <custom-rows-960gs colNames="navbar,main" customColumn="5 colsx,11 main" divClass="bg4" divID="content" j:originWS="default" jcr:primaryType="jnt:customRow" />
            </area-content-row>
            <area-site j:originWS="default" jcr:primaryType="jnt:contentList">
              <area-site j:allowedTypes="" j:originWS="default" jcr:primaryType="jnt:area" />
            </area-site>
            <area-log j:originWS="default" jcr:primaryType="jnt:contentList">
              <area-log j:allowedTypes="" j:originWS="default" jcr:primaryType="jnt:area" />
            </area-log>
            <area-lang j:originWS="default" jcr:primaryType="jnt:contentList">
              <area-long j:allowedTypes="" j:originWS="default" jcr:primaryType="jnt:area" />
            </area-lang>
            <area-logo j:originWS="default" jcr:primaryType="jnt:contentList">
              <area-logo j:allowedTypes="" j:originWS="default" jcr:primaryType="jnt:area" />
            </area-logo>
            <area-menu j:originWS="default" jcr:primaryType="jnt:contentList">
              <area-menu j:allowedTypes="" j:originWS="default" jcr:primaryType="jnt:area" />
            </area-menu>
            <column-content j:originWS="default" jcr:primaryType="jnt:contentList" />
            <box j:originWS="default" jcr:primaryType="jnt:contentList">
              <area-box j:allowedTypes="" j:originWS="default" jcr:primaryType="jnt:area" />
            </box>
            <box-right j:originWS="default" jcr:primaryType="jnt:contentList">
              <area-box-right j:allowedTypes="" j:originWS="default" jcr:primaryType="jnt:area" />
            </box-right>
            <navbar j:originWS="default" jcr:primaryType="jnt:contentList">
              <navigation-menu-left j:baselineNode="currentPage" j:maxDepth="1" j:menuItemView="menuElement" j:originWS="default" j:startLevel="0" jcr:primaryType="jnt:navMenu" />
            </navbar>
            <main j:originWS="default" jcr:primaryType="jnt:contentList">
              <area-main j:allowedTypes="" j:originWS="default" jcr:primaryType="jnt:area" />
              <area-tab-doc j:allowedTypes="" j:originWS="default" jcr:primaryType="jnt:area" />
            </main>
            <site j:originWS="default" jcr:primaryType="jnt:contentList" />
            <long j:originWS="default" jcr:primaryType="jnt:contentList" />
            <lag j:originWS="default" jcr:primaryType="jnt:contentList" />
            <column-logo j:originWS="default" jcr:primaryType="jnt:contentList" />
            <column-menu j:originWS="default" jcr:primaryType="jnt:contentList" />
          </page-bg4>
          <page-bg5 j:originWS="default" jcr:primaryType="jnt:pageTemplate">
            <area-content-row j:originWS="default" jcr:primaryType="jnt:contentList">
              <custom-rows-960gs colNames="navbar,main" customColumn="5 colsx,11 main" divClass="bg5" divID="content" j:originWS="default" jcr:primaryType="jnt:customRow" />
            </area-content-row>
            <area-site j:originWS="default" jcr:primaryType="jnt:contentList">
              <area-site j:allowedTypes="" j:originWS="default" jcr:primaryType="jnt:area" />
            </area-site>
            <area-log j:originWS="default" jcr:primaryType="jnt:contentList">
              <area-log j:allowedTypes="" j:originWS="default" jcr:primaryType="jnt:area" />
            </area-log>
            <area-lang j:originWS="default" jcr:primaryType="jnt:contentList">
              <area-long j:allowedTypes="" j:originWS="default" jcr:primaryType="jnt:area" />
            </area-lang>
            <area-logo j:originWS="default" jcr:primaryType="jnt:contentList">
              <area-logo j:allowedTypes="" j:originWS="default" jcr:primaryType="jnt:area" />
            </area-logo>
            <area-menu j:originWS="default" jcr:primaryType="jnt:contentList">
              <area-menu j:allowedTypes="" j:originWS="default" jcr:primaryType="jnt:area" />
            </area-menu>
            <column-content j:originWS="default" jcr:primaryType="jnt:contentList" />
            <box j:originWS="default" jcr:primaryType="jnt:contentList">
              <area-box j:allowedTypes="" j:originWS="default" jcr:primaryType="jnt:area" />
            </box>
            <box-right j:originWS="default" jcr:primaryType="jnt:contentList">
              <area-box-right j:allowedTypes="" j:originWS="default" jcr:primaryType="jnt:area" />
            </box-right>
            <navbar j:originWS="default" jcr:primaryType="jnt:contentList">
              <navigation-menu-left j:baselineNode="currentPage" j:maxDepth="1" j:menuItemView="menuElement" j:originWS="default" j:startLevel="0" jcr:primaryType="jnt:navMenu" />
              <area-box-news j:allowedTypes="" j:areaView="newsBox" j:originWS="default" jcr:primaryType="jnt:area" />
            </navbar>
            <main j:originWS="default" jcr:primaryType="jnt:contentList">
              <area-main j:allowedTypes="" j:originWS="default" jcr:primaryType="jnt:area" />
            </main>
            <site j:originWS="default" jcr:primaryType="jnt:contentList" />
            <long j:originWS="default" jcr:primaryType="jnt:contentList" />
            <lag j:originWS="default" jcr:primaryType="jnt:contentList" />
            <column-logo j:originWS="default" jcr:primaryType="jnt:contentList" />
            <column-menu j:originWS="default" jcr:primaryType="jnt:contentList" />
          </page-bg5>
          <page-bg6 j:originWS="default" jcr:primaryType="jnt:pageTemplate">
            <area-content-row j:originWS="default" jcr:primaryType="jnt:contentList">
              <custom-rows-960gs colNames="navbar,main" customColumn="5 colsx,11 main" divClass="bg6" divID="content" j:originWS="default" jcr:primaryType="jnt:customRow" />
            </area-content-row>
            <area-site j:originWS="default" jcr:primaryType="jnt:contentList">
              <area-site j:allowedTypes="" j:originWS="default" jcr:primaryType="jnt:area" />
            </area-site>
            <area-log j:originWS="default" jcr:primaryType="jnt:contentList">
              <area-log j:allowedTypes="" j:originWS="default" jcr:primaryType="jnt:area" />
            </area-log>
            <area-lang j:originWS="default" jcr:primaryType="jnt:contentList">
              <area-long j:allowedTypes="" j:originWS="default" jcr:primaryType="jnt:area" />
            </area-lang>
            <area-logo j:originWS="default" jcr:primaryType="jnt:contentList">
              <area-logo j:allowedTypes="" j:originWS="default" jcr:primaryType="jnt:area" />
            </area-logo>
            <area-menu j:originWS="default" jcr:primaryType="jnt:contentList">
              <area-menu j:allowedTypes="" j:originWS="default" jcr:primaryType="jnt:area" />
            </area-menu>
            <column-content j:originWS="default" jcr:primaryType="jnt:contentList" />
            <box j:originWS="default" jcr:primaryType="jnt:contentList">
              <area-box j:allowedTypes="" j:originWS="default" jcr:primaryType="jnt:area" />
            </box>
            <box-right j:originWS="default" jcr:primaryType="jnt:contentList">
              <area-box-right j:allowedTypes="" j:originWS="default" jcr:primaryType="jnt:area" />
            </box-right>
            <navbar j:originWS="default" jcr:primaryType="jnt:contentList">
              <navigation-menu-left j:baselineNode="currentPage" j:maxDepth="1" j:menuItemView="menuElement" j:originWS="default" j:startLevel="0" jcr:primaryType="jnt:navMenu" />
            </navbar>
            <main j:originWS="default" jcr:primaryType="jnt:contentList">
              <area-main j:allowedTypes="" j:originWS="default" jcr:primaryType="jnt:area" />
              <area-main-2 j:allowedTypes="" j:originWS="default" jcr:primaryType="jnt:area" />
            </main>
            <site j:originWS="default" jcr:primaryType="jnt:contentList" />
            <long j:originWS="default" jcr:primaryType="jnt:contentList" />
            <lag j:originWS="default" jcr:primaryType="jnt:contentList" />
            <column-logo j:originWS="default" jcr:primaryType="jnt:contentList" />
            <column-menu j:originWS="default" jcr:primaryType="jnt:contentList" />
          </page-bg6>
          <page-bg6-faq j:originWS="default" jcr:primaryType="jnt:pageTemplate">
            <area-content-row j:originWS="default" jcr:primaryType="jnt:contentList">
              <custom-rows-960gs colNames="navbar,main" customColumn="5 colsx,11 main" divClass="bg6" divID="content" j:originWS="default" jcr:primaryType="jnt:customRow" />
            </area-content-row>
            <area-site j:originWS="default" jcr:primaryType="jnt:contentList">
              <area-site j:allowedTypes="" j:originWS="default" jcr:primaryType="jnt:area" />
            </area-site>
            <area-log j:originWS="default" jcr:primaryType="jnt:contentList">
              <area-log j:allowedTypes="" j:originWS="default" jcr:primaryType="jnt:area" />
            </area-log>
            <area-lang j:originWS="default" jcr:primaryType="jnt:contentList">
              <area-long j:allowedTypes="" j:originWS="default" jcr:primaryType="jnt:area" />
            </area-lang>
            <area-logo j:originWS="default" jcr:primaryType="jnt:contentList">
              <area-logo j:allowedTypes="" j:originWS="default" jcr:primaryType="jnt:area" />
            </area-logo>
            <area-menu j:originWS="default" jcr:primaryType="jnt:contentList">
              <area-menu j:allowedTypes="" j:originWS="default" jcr:primaryType="jnt:area" />
            </area-menu>
            <column-content j:originWS="default" jcr:primaryType="jnt:contentList" />
            <box j:originWS="default" jcr:primaryType="jnt:contentList">
              <area-box j:allowedTypes="" j:originWS="default" jcr:primaryType="jnt:area" />
            </box>
            <box-right j:originWS="default" jcr:primaryType="jnt:contentList">
              <area-box-right j:allowedTypes="" j:originWS="default" jcr:primaryType="jnt:area" />
            </box-right>
            <navbar j:originWS="default" jcr:primaryType="jnt:contentList">
              <navigation-menu-left j:baselineNode="currentPage" j:maxDepth="1" j:menuItemView="menuElement" j:originWS="default" j:startLevel="0" jcr:primaryType="jnt:navMenu" />
            </navbar>
            <main j:originWS="default" jcr:primaryType="jnt:contentList">
              <area-main j:allowedTypes="" j:originWS="default" jcr:primaryType="jnt:area" />
              <search j:allowedTypes="" j:originWS="default" jcr:primaryType="jnt:area" />
              <pagerUp j:allowedTypes="" j:originWS="default" jcr:primaryType="jnt:area" />
              <area-faq j:allowedTypes="jnt:AlpeniteTeaFAQ jnt:faq" j:areaView="faqToggle" j:canDeleteInContribution="true" j:canOrderInContribution="true" j:contributeTypes="jnt:AlpeniteTeaFAQ jnt:faq" j:editableInContribution="true" j:originWS="default" jcr:mixinTypes="jmix:contributeMode" jcr:primaryType="jnt:area" />
              <PagerDown j:allowedTypes="" j:originWS="default" jcr:primaryType="jnt:area" />
            </main>
            <site j:originWS="default" jcr:primaryType="jnt:contentList" />
            <long j:originWS="default" jcr:primaryType="jnt:contentList" />
            <lag j:originWS="default" jcr:primaryType="jnt:contentList" />
            <column-logo j:originWS="default" jcr:primaryType="jnt:contentList" />
            <column-menu j:originWS="default" jcr:primaryType="jnt:contentList" />
          </page-bg6-faq>
          <page-bg6-publication j:originWS="default" jcr:primaryType="jnt:pageTemplate">
            <area-content-row j:originWS="default" jcr:primaryType="jnt:contentList">
              <custom-rows-960gs colNames="navbar,main" customColumn="5 colsx,11 main" divClass="bg6" divID="content" j:originWS="default" jcr:primaryType="jnt:customRow" />
            </area-content-row>
            <area-site j:originWS="default" jcr:primaryType="jnt:contentList">
              <area-site j:allowedTypes="" j:originWS="default" jcr:primaryType="jnt:area" />
            </area-site>
            <area-log j:originWS="default" jcr:primaryType="jnt:contentList">
              <area-log j:allowedTypes="" j:originWS="default" jcr:primaryType="jnt:area" />
            </area-log>
            <area-lang j:originWS="default" jcr:primaryType="jnt:contentList">
              <area-long j:allowedTypes="" j:originWS="default" jcr:primaryType="jnt:area" />
            </area-lang>
            <area-logo j:originWS="default" jcr:primaryType="jnt:contentList">
              <area-logo j:allowedTypes="" j:originWS="default" jcr:primaryType="jnt:area" />
            </area-logo>
            <area-menu j:originWS="default" jcr:primaryType="jnt:contentList">
              <area-menu j:allowedTypes="" j:originWS="default" jcr:primaryType="jnt:area" />
            </area-menu>
            <column-content j:originWS="default" jcr:primaryType="jnt:contentList" />
            <box j:originWS="default" jcr:primaryType="jnt:contentList">
              <area-box j:allowedTypes="" j:originWS="default" jcr:primaryType="jnt:area" />
            </box>
            <box-right j:originWS="default" jcr:primaryType="jnt:contentList">
              <area-box-right j:allowedTypes="" j:originWS="default" jcr:primaryType="jnt:area" />
            </box-right>
            <navbar j:originWS="default" jcr:primaryType="jnt:contentList">
              <navigation-menu-left j:baselineNode="currentPage" j:maxDepth="1" j:menuItemView="menuElement" j:originWS="default" j:startLevel="0" jcr:primaryType="jnt:navMenu" />
            </navbar>
            <main j:originWS="default" jcr:primaryType="jnt:contentList">
              <area-main j:allowedTypes="" j:originWS="default" jcr:primaryType="jnt:area" />
              <searchArea j:allowedTypes="" j:originWS="default" jcr:primaryType="jnt:area" />
              <pagerUp j:allowedTypes="" j:originWS="default" jcr:primaryType="jnt:area" />
              <area-publication j:allowedTypes="jnt:AlpeniteTeaModulistica" j:areaView="publicationTable" j:canDeleteInContribution="true" j:canOrderInContribution="true" j:contributeTypes="jnt:AlpeniteTeaModulistica" j:editableInContribution="true" j:originWS="default" jcr:mixinTypes="jmix:contributeMode" jcr:primaryType="jnt:area" />
              <pageDown j:allowedTypes="" j:originWS="default" jcr:primaryType="jnt:area" />
            </main>
            <site j:originWS="default" jcr:primaryType="jnt:contentList" />
            <long j:originWS="default" jcr:primaryType="jnt:contentList" />
            <lag j:originWS="default" jcr:primaryType="jnt:contentList" />
            <column-logo j:originWS="default" jcr:primaryType="jnt:contentList" />
            <column-menu j:originWS="default" jcr:primaryType="jnt:contentList" />
          </page-bg6-publication>
          <page-bg6-news j:originWS="default" jcr:primaryType="jnt:pageTemplate">
            <area-content-row j:originWS="default" jcr:primaryType="jnt:contentList">
              <custom-rows-960gs colNames="navbar,main" customColumn="5 colsx,11 main" divClass="bg6" divID="content" j:originWS="default" jcr:primaryType="jnt:customRow" />
            </area-content-row>
            <area-site j:originWS="default" jcr:primaryType="jnt:contentList">
              <area-site j:allowedTypes="" j:originWS="default" jcr:primaryType="jnt:area" />
            </area-site>
            <area-log j:originWS="default" jcr:primaryType="jnt:contentList">
              <area-log j:allowedTypes="" j:originWS="default" jcr:primaryType="jnt:area" />
            </area-log>
            <area-lang j:originWS="default" jcr:primaryType="jnt:contentList">
              <area-long j:allowedTypes="" j:originWS="default" jcr:primaryType="jnt:area" />
            </area-lang>
            <area-logo j:originWS="default" jcr:primaryType="jnt:contentList">
              <area-logo j:allowedTypes="" j:originWS="default" jcr:primaryType="jnt:area" />
            </area-logo>
            <area-menu j:originWS="default" jcr:primaryType="jnt:contentList">
              <area-menu j:allowedTypes="" j:originWS="default" jcr:primaryType="jnt:area" />
            </area-menu>
            <column-content j:originWS="default" jcr:primaryType="jnt:contentList" />
            <box j:originWS="default" jcr:primaryType="jnt:contentList">
              <area-box j:allowedTypes="" j:originWS="default" jcr:primaryType="jnt:area" />
            </box>
            <box-right j:originWS="default" jcr:primaryType="jnt:contentList">
              <area-box-right j:allowedTypes="" j:originWS="default" jcr:primaryType="jnt:area" />
            </box-right>
            <navbar j:originWS="default" jcr:primaryType="jnt:contentList">
              <navigation-menu-left j:baselineNode="currentPage" j:maxDepth="1" j:menuItemView="menuElement" j:originWS="default" j:startLevel="0" jcr:primaryType="jnt:navMenu" />
            </navbar>
            <main j:originWS="default" jcr:primaryType="jnt:contentList">
              <area-main j:allowedTypes="" j:originWS="default" jcr:primaryType="jnt:area" />
              <searchArea j:allowedTypes="" j:originWS="default" jcr:primaryType="jnt:area" />
              <pagerUp j:allowedTypes="" j:originWS="default" jcr:primaryType="jnt:area" />
              <area-news-guide firstDirection="desc" firstField="jcr:created" j:allowedTypes="jnt:news" j:areaView="newsCustom" j:canDeleteInContribution="true" j:canOrderInContribution="true" j:contributeTypes="jnt:news" j:editableInContribution="true" j:originWS="default" jcr:mixinTypes="jmix:orderedList jmix:contributeMode" jcr:primaryType="jnt:area" secondDirection="asc" thirdDirection="asc" />
              <pagerDown j:allowedTypes="" j:numberOfItems="1" j:originWS="default" jcr:primaryType="jnt:area" />
            </main>
            <site j:originWS="default" jcr:primaryType="jnt:contentList" />
            <long j:originWS="default" jcr:primaryType="jnt:contentList" />
            <lag j:originWS="default" jcr:primaryType="jnt:contentList" />
            <column-logo j:originWS="default" jcr:primaryType="jnt:contentList" />
            <column-menu j:originWS="default" jcr:primaryType="jnt:contentList" />
          </page-bg6-news>
          <page-bg5-hp-strumenti j:originWS="default" jcr:primaryType="jnt:pageTemplate">
            <area-content-row j:originWS="default" jcr:primaryType="jnt:contentList">
              <custom-rows-960gs colNames="navbar,main" customColumn="5 colsx,11 main in" divClass="bg5" divID="content" j:originWS="default" jcr:primaryType="jnt:customRow" />
            </area-content-row>
            <area-site j:originWS="default" jcr:primaryType="jnt:contentList">
              <area-site j:allowedTypes="" j:originWS="default" jcr:primaryType="jnt:area" />
            </area-site>
            <area-log j:originWS="default" jcr:primaryType="jnt:contentList">
              <area-log j:allowedTypes="" j:originWS="default" jcr:primaryType="jnt:area" />
            </area-log>
            <area-lang j:originWS="default" jcr:primaryType="jnt:contentList">
              <area-long j:allowedTypes="" j:originWS="default" jcr:primaryType="jnt:area" />
            </area-lang>
            <area-logo j:originWS="default" jcr:primaryType="jnt:contentList">
              <area-logo j:allowedTypes="" j:originWS="default" jcr:primaryType="jnt:area" />
            </area-logo>
            <area-menu j:originWS="default" jcr:primaryType="jnt:contentList">
              <area-menu j:allowedTypes="" j:originWS="default" jcr:primaryType="jnt:area" />
            </area-menu>
            <column-content j:originWS="default" jcr:primaryType="jnt:contentList" />
            <box j:originWS="default" jcr:primaryType="jnt:contentList">
              <area-box j:allowedTypes="" j:originWS="default" jcr:primaryType="jnt:area" />
            </box>
            <box-right j:originWS="default" jcr:primaryType="jnt:contentList">
              <area-box-right j:allowedTypes="" j:originWS="default" jcr:primaryType="jnt:area" />
            </box-right>
            <navbar j:originWS="default" jcr:primaryType="jnt:contentList">
              <navigation-menu-left j:baselineNode="currentPage" j:maxDepth="1" j:menuItemView="menuElement" j:originWS="default" j:startLevel="0" jcr:primaryType="jnt:navMenu" />
            </navbar>
            <main j:originWS="default" jcr:primaryType="jnt:contentList">
              <area-main j:allowedTypes="" j:originWS="default" jcr:primaryType="jnt:area" />
              <area-tools-hp j:allowedTypes="" j:originWS="default" jcr:primaryType="jnt:area" />
              <area-tools-hp-news j:allowedTypes="" j:areaView="newsCustomToolsHp" j:originWS="default" jcr:primaryType="jnt:area" />
            </main>
            <site j:originWS="default" jcr:primaryType="jnt:contentList" />
            <long j:originWS="default" jcr:primaryType="jnt:contentList" />
            <lag j:originWS="default" jcr:primaryType="jnt:contentList" />
            <column-logo j:originWS="default" jcr:primaryType="jnt:contentList" />
            <column-menu j:originWS="default" jcr:primaryType="jnt:contentList" />
          </page-bg5-hp-strumenti>
          <content-template-news j:applyOn="jnt:news" j:defaultTemplate="true" j:hiddenTemplate="true" j:originWS="default" j:priority="1000" j:requireLoggedUser="false" j:requirePrivilegedUser="false" jcr:primaryType="jnt:contentTemplate">
            <area-content-row j:originWS="default" jcr:primaryType="jnt:contentList">
              <custom-rows-960gs colNames="navbar,main" customColumn="5 colsx,11 main" divClass="bg6" divID="content" j:originWS="default" jcr:primaryType="jnt:customRow" />
            </area-content-row>
            <area-log j:originWS="default" jcr:primaryType="jnt:contentList">
              <area-log j:allowedTypes="" j:originWS="default" jcr:primaryType="jnt:area" />
            </area-log>
            <main j:originWS="default" jcr:primaryType="jnt:contentList">
              <main-resource-display j:mainResourceView="fullpage" j:mockupStyle="news-fullPage" j:originWS="default" jcr:primaryType="jnt:mainResourceDisplay" />
            </main>
            <navbar j:originWS="default" jcr:primaryType="jnt:contentList">
              <navigation-menu-left j:baselineNode="currentPage" j:maxDepth="1" j:menuItemView="menuElement" j:originWS="default" j:startLevel="0" jcr:primaryType="jnt:navMenu" />
            </navbar>
          </content-template-news>
          <servicePage j:originWS="default" jcr:primaryType="jnt:pageTemplate">
            <area-content-row j:originWS="default" jcr:primaryType="jnt:contentList">
              <custom-rows-960gs colNames="column-content" customColumn="16" j:originWS="default" jcr:primaryType="jnt:customRow" />
            </area-content-row>
            <area-site j:originWS="default" jcr:primaryType="jnt:contentList">
              <area-site j:allowedTypes="" j:originWS="default" jcr:primaryType="jnt:area" />
            </area-site>
            <area-log j:originWS="default" jcr:primaryType="jnt:contentList">
              <area-log j:allowedTypes="" j:originWS="default" jcr:primaryType="jnt:area" />
            </area-log>
            <area-lang j:originWS="default" jcr:primaryType="jnt:contentList">
              <area-long j:allowedTypes="" j:originWS="default" jcr:primaryType="jnt:area" />
            </area-lang>
            <area-logo j:originWS="default" jcr:primaryType="jnt:contentList">
              <area-logo j:allowedTypes="" j:originWS="default" jcr:primaryType="jnt:area" />
            </area-logo>
            <area-menu j:originWS="default" jcr:primaryType="jnt:contentList">
              <area-menu j:allowedTypes="" j:originWS="default" jcr:primaryType="jnt:area" />
            </area-menu>
            <box j:originWS="default" jcr:primaryType="jnt:contentList">
              <area-box j:allowedTypes="" j:deletionDate="2012-12-16T08:10:03.767+01:00" j:deletionUser="root" j:originWS="default" jcr:mixinTypes="jmix:markedForDeletion jmix:markedForDeletionRoot" jcr:primaryType="jnt:area" />
            </box>
            <box-right j:originWS="default" jcr:primaryType="jnt:contentList" />
            <site j:originWS="default" jcr:primaryType="jnt:contentList">
              <absolute-area-site j:allowedTypes="" j:originWS="default" jcr:primaryType="jnt:absoluteArea" />
            </site>
            <long j:originWS="default" jcr:primaryType="jnt:contentList">
              <absolute-area-log j:allowedTypes="" j:originWS="default" jcr:primaryType="jnt:absoluteArea" />
            </long>
            <lag j:originWS="default" jcr:primaryType="jnt:contentList">
              <absolute-area-lang j:allowedTypes="" j:originWS="default" jcr:primaryType="jnt:absoluteArea" />
            </lag>
            <column-logo j:originWS="default" jcr:primaryType="jnt:contentList">
              <absolute-area-logo j:allowedTypes="" j:originWS="default" jcr:primaryType="jnt:absoluteArea" />
            </column-logo>
            <column-menu j:originWS="default" jcr:primaryType="jnt:contentList">
              <area-menu j:allowedTypes="" j:originWS="default" jcr:primaryType="jnt:absoluteArea" />
            </column-menu>
            <column-content j:originWS="default" jcr:primaryType="jnt:contentList">
              <service-page-content j:allowedTypes="" j:originWS="default" jcr:primaryType="jnt:area" />
            </column-content>
          </servicePage>
          <page-conto-contrattuale j:originWS="default" jcr:primaryType="jnt:pageTemplate">
            <area-content-row j:originWS="default" jcr:primaryType="jnt:contentList">
              <custom-rows-960gs colNames="main" customColumn="16 main" divClass="bg6" divID="content" j:originWS="default" jcr:primaryType="jnt:customRow" />
            </area-content-row>
            <area-site j:originWS="default" jcr:primaryType="jnt:contentList">
              <area-site j:allowedTypes="" j:originWS="default" jcr:primaryType="jnt:area" />
            </area-site>
            <area-log j:originWS="default" jcr:primaryType="jnt:contentList">
              <area-log j:allowedTypes="" j:originWS="default" jcr:primaryType="jnt:area" />
            </area-log>
            <area-lang j:originWS="default" jcr:primaryType="jnt:contentList">
              <area-long j:allowedTypes="" j:originWS="default" jcr:primaryType="jnt:area" />
            </area-lang>
            <area-logo j:originWS="default" jcr:primaryType="jnt:contentList">
              <area-logo j:allowedTypes="" j:originWS="default" jcr:primaryType="jnt:area" />
            </area-logo>
            <area-menu j:originWS="default" jcr:primaryType="jnt:contentList">
              <area-menu j:allowedTypes="" j:originWS="default" jcr:primaryType="jnt:area" />
            </area-menu>
            <column-content j:originWS="default" jcr:primaryType="jnt:contentList" />
            <box j:originWS="default" jcr:primaryType="jnt:contentList">
              <area-box j:allowedTypes="" j:originWS="default" jcr:primaryType="jnt:area" />
            </box>
            <box-right j:originWS="default" jcr:primaryType="jnt:contentList">
              <area-box-right j:allowedTypes="" j:originWS="default" jcr:primaryType="jnt:area" />
            </box-right>
            <main j:originWS="default" jcr:primaryType="jnt:contentList">
              <area-main j:allowedTypes="" j:originWS="default" jcr:primaryType="jnt:area" />
              <area-main-2 j:allowedTypes="" j:originWS="default" jcr:primaryType="jnt:area" />
            </main>
            <site j:originWS="default" jcr:primaryType="jnt:contentList" />
            <long j:originWS="default" jcr:primaryType="jnt:contentList" />
            <lag j:originWS="default" jcr:primaryType="jnt:contentList" />
            <column-logo j:originWS="default" jcr:primaryType="jnt:contentList" />
            <column-menu j:originWS="default" jcr:primaryType="jnt:contentList" />
          </page-conto-contrattuale>
          <search-results-page j:originWS="default" jcr:primaryType="jnt:pageTemplate">
            <area-content-row j:originWS="default" jcr:primaryType="jnt:contentList">
              <custom-rows-960gs colNames="navbar,main" customColumn="5 colsx,11 main" divClass="bg6" divID="content" j:originWS="default" jcr:primaryType="jnt:customRow" />
            </area-content-row>
            <area-site j:originWS="default" jcr:primaryType="jnt:contentList">
              <area-site j:allowedTypes="" j:originWS="default" jcr:primaryType="jnt:area" />
            </area-site>
            <area-log j:originWS="default" jcr:primaryType="jnt:contentList">
              <area-log j:allowedTypes="" j:originWS="default" jcr:primaryType="jnt:area" />
            </area-log>
            <area-lang j:originWS="default" jcr:primaryType="jnt:contentList">
              <area-long j:allowedTypes="" j:originWS="default" jcr:primaryType="jnt:area" />
            </area-lang>
            <area-logo j:originWS="default" jcr:primaryType="jnt:contentList">
              <area-logo j:allowedTypes="" j:originWS="default" jcr:primaryType="jnt:area" />
            </area-logo>
            <area-menu j:originWS="default" jcr:primaryType="jnt:contentList">
              <area-menu j:allowedTypes="" j:originWS="default" jcr:primaryType="jnt:area" />
            </area-menu>
            <column-content j:originWS="default" jcr:primaryType="jnt:contentList" />
            <box j:originWS="default" jcr:primaryType="jnt:contentList">
              <area-box j:allowedTypes="" j:originWS="default" jcr:primaryType="jnt:area" />
            </box>
            <box-right j:originWS="default" jcr:primaryType="jnt:contentList">
              <area-box-right j:allowedTypes="" j:originWS="default" jcr:primaryType="jnt:area" />
            </box-right>
            <navbar j:originWS="default" jcr:primaryType="jnt:contentList">
              <navigation-menu-left j:baselineNode="currentPage" j:maxDepth="1" j:menuItemView="menuElement" j:originWS="default" j:startLevel="0" jcr:primaryType="jnt:navMenu" />
            </navbar>
            <main j:originWS="default" jcr:primaryType="jnt:contentList">
              <area-main j:allowedTypes="" j:originWS="default" jcr:primaryType="jnt:area" />
              <searchArea j:allowedTypes="" j:originWS="default" jcr:primaryType="jnt:area" />
              <pagerup j:allowedTypes="" j:originWS="default" jcr:primaryType="jnt:area" />
              <area-main-2 j:allowedTypes="" j:originWS="default" jcr:primaryType="jnt:area" />
              <pagerdown j:allowedTypes="" j:originWS="default" jcr:primaryType="jnt:area" />
            </main>
            <site j:originWS="default" jcr:primaryType="jnt:contentList" />
            <long j:originWS="default" jcr:primaryType="jnt:contentList" />
            <lag j:originWS="default" jcr:primaryType="jnt:contentList" />
            <column-logo j:originWS="default" jcr:primaryType="jnt:contentList" />
            <column-menu j:originWS="default" jcr:primaryType="jnt:contentList" />
          </search-results-page>
          <page-bg6-publication-convenzioni j:originWS="default" jcr:primaryType="jnt:pageTemplate">
            <area-content-row j:originWS="default" jcr:primaryType="jnt:contentList">
              <custom-rows-960gs colNames="navbar,main" customColumn="5 colsx,11 main" divClass="bg6" divID="content" j:originWS="default" jcr:primaryType="jnt:customRow" />
            </area-content-row>
            <area-site j:originWS="default" jcr:primaryType="jnt:contentList">
              <area-site j:allowedTypes="" j:originWS="default" jcr:primaryType="jnt:area" />
            </area-site>
            <area-log j:originWS="default" jcr:primaryType="jnt:contentList">
              <area-log j:allowedTypes="" j:originWS="default" jcr:primaryType="jnt:area" />
            </area-log>
            <area-lang j:originWS="default" jcr:primaryType="jnt:contentList">
              <area-long j:allowedTypes="" j:originWS="default" jcr:primaryType="jnt:area" />
            </area-lang>
            <area-logo j:originWS="default" jcr:primaryType="jnt:contentList">
              <area-logo j:allowedTypes="" j:originWS="default" jcr:primaryType="jnt:area" />
            </area-logo>
            <area-menu j:originWS="default" jcr:primaryType="jnt:contentList">
              <area-menu j:allowedTypes="" j:originWS="default" jcr:primaryType="jnt:area" />
            </area-menu>
            <column-content j:originWS="default" jcr:primaryType="jnt:contentList" />
            <box j:originWS="default" jcr:primaryType="jnt:contentList">
              <area-box j:allowedTypes="" j:originWS="default" jcr:primaryType="jnt:area" />
            </box>
            <box-right j:originWS="default" jcr:primaryType="jnt:contentList">
              <area-box-right j:allowedTypes="" j:originWS="default" jcr:primaryType="jnt:area" />
            </box-right>
            <navbar j:originWS="default" jcr:primaryType="jnt:contentList">
              <navigation-menu-left j:baselineNode="currentPage" j:maxDepth="1" j:menuItemView="menuElement" j:originWS="default" j:startLevel="0" jcr:primaryType="jnt:navMenu" />
            </navbar>
            <main j:originWS="default" jcr:primaryType="jnt:contentList">
              <area-main j:allowedTypes="" j:originWS="default" jcr:primaryType="jnt:area" />
              <searchArea j:allowedTypes="" j:originWS="default" jcr:primaryType="jnt:area" />
              <pagerUp j:allowedTypes="" j:originWS="default" jcr:primaryType="jnt:area" />
              <area-publication j:allowedTypes="jnt:AlpeniteTeaModulisticaPersonal" j:areaView="publicationTablePersonal" j:canDeleteInContribution="true" j:canOrderInContribution="true" j:contributeTypes="jnt:AlpeniteTeaModulisticaPersonal" j:editableInContribution="true" j:originWS="default" jcr:mixinTypes="jmix:contributeMode" jcr:primaryType="jnt:area" />
              <pageDown j:allowedTypes="" j:originWS="default" jcr:primaryType="jnt:area" />
            </main>
            <site j:originWS="default" jcr:primaryType="jnt:contentList" />
            <long j:originWS="default" jcr:primaryType="jnt:contentList" />
            <lag j:originWS="default" jcr:primaryType="jnt:contentList" />
            <column-logo j:originWS="default" jcr:primaryType="jnt:contentList" />
            <column-menu j:originWS="default" jcr:primaryType="jnt:contentList" />
          </page-bg6-publication-convenzioni>
          <page-bg7 j:deletedChildren="da55af7a-af72-4097-af2f-6d1604e9cd55 c2096d37-71a1-4695-ab0e-5cfeee37398e 7141b144-9708-4147-8f7d-0093005bb8e9 dbe39f55-04a5-4a2e-a8eb-67d26dfd7804 2a1ae8af-ec9a-4e95-8a0a-dfbe3800850a 2ca7ca7e-0c69-41b4-a1e2-79ffb7ca7078 5e1db9f1-93d4-4f1d-94ea-7d048192b515 22320b21-4cfd-4cfc-8e03-c54f26291ddd eb854977-8d61-4d93-82c5-6b32226a04e4 3b080c94-f02f-4922-b615-fc0343dabe29 fdc13134-ec82-490b-a891-dc8925d0b2d0 3bb69a2d-9de2-4562-85ec-a13dcbd88122 9355b67b-51bf-4e34-aea9-3af8161bda09 ff9dddb7-37ee-4af0-8b42-c94f4421d136 c8e7b9f3-8e5e-4738-942b-76f763e9ee28 57cf5e6b-e064-4e57-ad9d-eefb76bbba51" j:originWS="default" jcr:mixinTypes="jmix:deletedChildren" jcr:primaryType="jnt:pageTemplate" />
          <page-bg8 j:deletedChildren="81902bed-9517-4362-81b8-26fc7bc9d9df ef663a75-d2db-4de7-9611-1edbcf34dac0 43a5a228-d4c9-45d1-8b7c-799a4e554204 2aa0554b-885b-4361-acc0-243d561fec5f 8a7fadfe-9e12-449e-89bf-0167772d5889 d7f4e5b1-5876-414c-90ce-f766e533e212 13107d93-14c6-4f66-b9d1-b61ab2db7d8f 8c96a902-cb06-46e4-aad6-dd9ca5e6bbab f907ddf0-e775-4380-9696-f88041d023ea 2df78031-0a4c-4f7b-a51d-f87537feed3d 0fd125eb-5d2b-435c-a909-d6a7e346aa81 605bcda0-bc9b-47d8-b0de-2956ba7e2f28 d1711d65-9d27-4637-8523-20c95c71c28f 1aac2a2d-e24d-4e28-8408-2557c48235da 7ebfa5d8-bc7c-4f2d-b9f6-c367d24d3467 d0a4fc50-1aee-4974-99a0-4417678c3cf7" j:originWS="default" jcr:mixinTypes="jmix:deletedChildren" jcr:primaryType="jnt:pageTemplate" />
          <pagecontent j:originWS="default" jcr:primaryType="jnt:contentList">
            <area-content-row j:allowedTypes="" j:originWS="default" jcr:primaryType="jnt:area" />
          </pagecontent>
          <column-header j:originWS="default" jcr:primaryType="jnt:contentList">
            <absolute-area-header j:allowedTypes="" j:originWS="default" jcr:primaryType="jnt:absoluteArea" />
            <custom-rows-960gs colNames="logo,menu" customColumn="5,11" divID="menuAreaNavigation" j:originWS="default" jcr:primaryType="jnt:customRow" />
          </column-header>
          <logo j:originWS="default" jcr:primaryType="jnt:contentList">
            <logo j:allowedTypes="" j:originWS="default" jcr:primaryType="jnt:absoluteArea" />
          </logo>
          <menu j:originWS="default" jcr:primaryType="jnt:contentList">
            <navigation-menu j:baselineNode="home" j:layoutID="navigationMenuArea" j:maxDepth="1" j:menuItemView="menuElement" j:originWS="default" j:startLevel="0" jcr:primaryType="jnt:navMenu" />
          </menu>
          <header j:originWS="default" jcr:primaryType="jnt:contentList">
            <rich-text j:originWS="default" jcr:primaryType="jnt:bigText">
              <j:translation_en jcr:language="en" jcr:primaryType="jnt:translation" text="&lt;div class=&quot;orangeline&quot;&gt;&lt;/div&gt;" />
            </rich-text>
            <custom-rows-960gs-header colNames="header-site,header-log,header-lang" customColumn="5,8,3" divClass="topbar" j:originWS="default" jcr:primaryType="jnt:customRow" />
            <area-log-ammhelp j:allowedTypes="" j:originWS="default" jcr:primaryType="jnt:absoluteArea" />
            <custom-rows-960gs-header-1 colNames="header-logo,header-menu" customColumn="5,11" j:originWS="default" jcr:primaryType="jnt:customRow" />
          </header>
          <header-1 j:originWS="default" jcr:primaryType="jnt:contentList" />
          <footer j:originWS="default" jcr:primaryType="jnt:contentList">
            <custom-rows-960gs colNames="column-footer" customColumn="16" divID="footer-rows-grid" j:originWS="default" jcr:primaryType="jnt:customRow" />
          </footer>
          <column-footer j:originWS="default" jcr:primaryType="jnt:contentList">
            <absolute-area-footer j:allowedTypes="" j:originWS="default" jcr:primaryType="jnt:absoluteArea" />
          </column-footer>
          <site j:originWS="default" jcr:primaryType="jnt:contentList">
            <area-site j:allowedTypes="" j:originWS="default" jcr:primaryType="jnt:absoluteArea" />
          </site>
          <long j:originWS="default" jcr:primaryType="jnt:contentList">
            <area-log j:allowedTypes="" j:originWS="default" jcr:primaryType="jnt:area" />
          </long>
          <lag j:originWS="default" jcr:primaryType="jnt:contentList">
            <area-lang j:allowedTypes="" j:originWS="default" jcr:primaryType="jnt:area" />
          </lag>
          <column-menu j:originWS="default" jcr:primaryType="jnt:contentList">
            <area-menu j:allowedTypes="" j:originWS="default" jcr:primaryType="jnt:area" />
          </column-menu>
          <column-logo j:originWS="default" jcr:primaryType="jnt:contentList">
            <area-logo j:allowedTypes="" j:originWS="default" jcr:primaryType="jnt:area" />
          </column-logo>
          <log j:originWS="default" jcr:primaryType="jnt:contentList">
            <absolute-area-log j:allowedTypes="" j:originWS="default" jcr:primaryType="jnt:absoluteArea" />
          </log>
          <lang j:originWS="default" jcr:primaryType="jnt:contentList">
            <absolute-area-lang j:allowedTypes="" j:originWS="default" jcr:primaryType="jnt:absoluteArea" />
          </lang>
          <header-site j:originWS="default" jcr:primaryType="jnt:contentList">
            <abs-area-site j:allowedTypes="" j:originWS="default" jcr:primaryType="jnt:absoluteArea" />
          </header-site>
          <header-log j:originWS="default" jcr:primaryType="jnt:contentList">
            <abs-area-log j:allowedTypes="" j:originWS="default" jcr:primaryType="jnt:absoluteArea" />
          </header-log>
          <header-lang j:originWS="default" jcr:primaryType="jnt:contentList">
            <abs-area-lang j:allowedTypes="" j:originWS="default" jcr:primaryType="jnt:absoluteArea" />
          </header-lang>
          <header-logo j:originWS="default" jcr:primaryType="jnt:contentList">
            <abs-area-logo j:allowedTypes="" j:originWS="default" jcr:primaryType="jnt:absoluteArea" />
          </header-logo>
          <header-menu j:originWS="default" jcr:primaryType="jnt:contentList">
            <abs-area-menu j:allowedTypes="" j:originWS="default" jcr:primaryType="jnt:absoluteArea" />
          </header-menu>
          <page-bg9 j:originWS="default" jcr:primaryType="jnt:pageTemplate">
            <area-content-row j:originWS="default" jcr:primaryType="jnt:contentList">
              <custom-rows-960gs colNames="navbar,main" customColumn="5 colsx,11 main" divClass="bg7" divID="content" j:originWS="default" jcr:primaryType="jnt:customRow" />
            </area-content-row>
            <area-site j:originWS="default" jcr:primaryType="jnt:contentList">
              <area-site j:allowedTypes="" j:originWS="default" jcr:primaryType="jnt:area" />
            </area-site>
            <area-log j:originWS="default" jcr:primaryType="jnt:contentList">
              <area-log j:allowedTypes="" j:originWS="default" jcr:primaryType="jnt:area" />
            </area-log>
            <area-lang j:originWS="default" jcr:primaryType="jnt:contentList">
              <area-long j:allowedTypes="" j:originWS="default" jcr:primaryType="jnt:area" />
            </area-lang>
            <area-logo j:originWS="default" jcr:primaryType="jnt:contentList">
              <area-logo j:allowedTypes="" j:originWS="default" jcr:primaryType="jnt:area" />
            </area-logo>
            <area-menu j:originWS="default" jcr:primaryType="jnt:contentList">
              <area-menu j:allowedTypes="" j:originWS="default" jcr:primaryType="jnt:area" />
            </area-menu>
            <column-content j:originWS="default" jcr:primaryType="jnt:contentList" />
            <box j:originWS="default" jcr:primaryType="jnt:contentList">
              <area-box j:allowedTypes="" j:originWS="default" jcr:primaryType="jnt:area" />
            </box>
            <box-right j:originWS="default" jcr:primaryType="jnt:contentList">
              <area-box-right j:allowedTypes="" j:originWS="default" jcr:primaryType="jnt:area" />
            </box-right>
            <navbar j:originWS="default" jcr:primaryType="jnt:contentList">
              <navigation-menu-left j:baselineNode="currentPage" j:maxDepth="1" j:menuItemView="menuElement" j:originWS="default" j:startLevel="0" jcr:primaryType="jnt:navMenu" />
            </navbar>
            <main j:originWS="default" jcr:primaryType="jnt:contentList">
              <area-main j:allowedTypes="" j:originWS="default" jcr:primaryType="jnt:area" />
              <area-tab-doc j:allowedTypes="" j:originWS="default" jcr:primaryType="jnt:area" />
            </main>
            <site j:originWS="default" jcr:primaryType="jnt:contentList" />
            <long j:originWS="default" jcr:primaryType="jnt:contentList" />
            <lag j:originWS="default" jcr:primaryType="jnt:contentList" />
            <column-logo j:originWS="default" jcr:primaryType="jnt:contentList" />
            <column-menu j:originWS="default" jcr:primaryType="jnt:contentList" />
          </page-bg9>
          <page-bg9-1 j:originWS="default" jcr:primaryType="jnt:pageTemplate">
            <area-content-row j:originWS="default" jcr:primaryType="jnt:contentList">
              <custom-rows-960gs colNames="navbar,main" customColumn="5 colsx,11 main" divClass="bg8" divID="content" j:originWS="default" jcr:primaryType="jnt:customRow" />
            </area-content-row>
            <area-site j:originWS="default" jcr:primaryType="jnt:contentList">
              <area-site j:allowedTypes="" j:originWS="default" jcr:primaryType="jnt:area" />
            </area-site>
            <area-log j:originWS="default" jcr:primaryType="jnt:contentList">
              <area-log j:allowedTypes="" j:originWS="default" jcr:primaryType="jnt:area" />
            </area-log>
            <area-lang j:originWS="default" jcr:primaryType="jnt:contentList">
              <area-long j:allowedTypes="" j:originWS="default" jcr:primaryType="jnt:area" />
            </area-lang>
            <area-logo j:originWS="default" jcr:primaryType="jnt:contentList">
              <area-logo j:allowedTypes="" j:originWS="default" jcr:primaryType="jnt:area" />
            </area-logo>
            <area-menu j:originWS="default" jcr:primaryType="jnt:contentList">
              <area-menu j:allowedTypes="" j:originWS="default" jcr:primaryType="jnt:area" />
            </area-menu>
            <column-content j:originWS="default" jcr:primaryType="jnt:contentList" />
            <box j:originWS="default" jcr:primaryType="jnt:contentList">
              <area-box j:allowedTypes="" j:originWS="default" jcr:primaryType="jnt:area" />
            </box>
            <box-right j:originWS="default" jcr:primaryType="jnt:contentList">
              <area-box-right j:allowedTypes="" j:originWS="default" jcr:primaryType="jnt:area" />
            </box-right>
            <navbar j:originWS="default" jcr:primaryType="jnt:contentList">
              <navigation-menu-left j:baselineNode="currentPage" j:maxDepth="1" j:menuItemView="menuElement" j:originWS="default" j:startLevel="0" jcr:primaryType="jnt:navMenu" />
            </navbar>
            <main j:originWS="default" jcr:primaryType="jnt:contentList">
              <area-main j:allowedTypes="" j:originWS="default" jcr:primaryType="jnt:area" />
              <area-tab-doc j:allowedTypes="" j:originWS="default" jcr:primaryType="jnt:area" />
            </main>
            <site j:originWS="default" jcr:primaryType="jnt:contentList" />
            <long j:originWS="default" jcr:primaryType="jnt:contentList" />
            <lag j:originWS="default" jcr:primaryType="jnt:contentList" />
            <column-logo j:originWS="default" jcr:primaryType="jnt:contentList" />
            <column-menu j:originWS="default" jcr:primaryType="jnt:contentList" />
          </page-bg9-1>
        </base>
        <pagina-modulo-rid j:hiddenTemplate="false" j:originWS="default" jcr:primaryType="jnt:pageTemplate">
          <pagecontent j:originWS="default" jcr:primaryType="jnt:contentList">
            <area-modulo-rid j:allowedTypes="" j:originWS="default" jcr:primaryType="jnt:area" />
          </pagecontent>
        </pagina-modulo-rid>
        <pagina-bianca j:hiddenTemplate="false" j:originWS="default" jcr:primaryType="jnt:pageTemplate">
          <pagecontent j:originWS="default" jcr:primaryType="jnt:contentList">
            <area-modulo-rid j:allowedTypes="" j:originWS="default" jcr:primaryType="jnt:area" />
          </pagecontent>
        </pagina-bianca>
        <files j:originWS="default" jcr:primaryType="jnt:folder">
          <themes j:originWS="default" jcr:primaryType="jnt:folder">
            <default j:originWS="default" jcr:primaryType="jnt:folder" />
          </themes>
        </files>
        <contents j:originWS="default" jcr:primaryType="jnt:contentFolder" />
      </templates>
      <j:versionInfo j:deployementDate="2012-12-03T10:58:33.642+01:00" j:version="1.0" jcr:primaryType="jnt:versionInfo" />
      <home changefreq="monthly" j:isHomePage="true" j:originWS="default" jcr:mixinTypes="jmix:sitemap" jcr:primaryType="jnt:page" priority="0.5">
        <absolute-area-header j:originWS="default" jcr:primaryType="jnt:contentList">
          <custom-rows-960gs colNames="site,long,lag" customColumn="5,8,3" divClass="topbar" j:originWS="default" jcr:primaryType="jnt:customRow" />
          <custom-rows-960gs-1 colNames="column-logo,column-menu" customColumn="5,11" j:originWS="default" jcr:primaryType="jnt:customRow" />
        </absolute-area-header>
        <logo j:originWS="default" jcr:primaryType="jnt:contentList" />
        <absolute-area-footer j:originWS="default" jcr:primaryType="jnt:contentList" />
        <area-site j:originWS="default" jcr:primaryType="jnt:contentList" />
        <absolute-area-log j:originWS="default" jcr:primaryType="jnt:contentList" />
        <absolute-area-lang j:originWS="default" jcr:primaryType="jnt:contentList" />
        <abs-area-site j:originWS="default" jcr:primaryType="jnt:contentList" />
        <abs-area-log j:originWS="default" jcr:primaryType="jnt:contentList" />
        <abs-area-lang j:originWS="default" jcr:primaryType="jnt:contentList" />
        <abs-area-logo j:originWS="default" jcr:primaryType="jnt:contentList" />
        <abs-area-menu j:originWS="default" jcr:primaryType="jnt:contentList">
          <navigation-menu j:baselineNode="home" j:maxDepth="1" j:menuItemView="menuElement" j:originWS="default" j:startLevel="0" jcr:primaryType="jnt:navMenu" />
        </abs-area-menu>
        <area-log jcr:primaryType="jnt:contentList" />
        <area-log-ammhelp jcr:primaryType="jnt:contentList" />
      </home>
      <components j:originWS="default" jcr:primaryType="jnt:componentFolder" />
    </tea-template-final>
  </templateSets>
</content>

